file_name,prediction,confidence,prob_despejado,prob_nublado,prob_emisiones
CTP_RUMHIR_20240304_0000.fff,Nublado,97.89839386940002,0.3996829502284527,97.89839386940002,1.7019182443618774
CTP_RUMHIR_20240304_0003.fff,Nublado,99.22937154769897,0.12442382285371423,99.22937154769897,0.6462017074227333
CTP_RUMHIR_20240304_0006.fff,Nublado,97.47812747955322,0.40499987080693245,97.47812747955322,2.116873301565647
CTP_RUMHIR_20240304_0009.fff,Nublado,98.4356939792633,0.20711496472358704,98.4356939792633,1.3571984134614468
CTP_RUMHIR_20240304_0012.fff,Nublado,99.53494668006897,0.05802696687169373,99.53494668006897,0.40702843107283115
CTP_RUMHIR_20240304_0015.fff,Nublado,99.9510407447815,0.005690580655937083,99.9510407447815,0.043264307896606624
CTP_RUMHIR_20240304_0018.fff,Nublado,99.9992847442627,8.167604050868249e-05,99.9992847442627,0.0006349418526951922
CTP_RUMHIR_20240304_0021.fff,Nublado,99.99915361404419,8.550451298106054e-05,99.99915361404419,0.0007577133146696724
CTP_RUMHIR_20240304_0024.fff,Nublado,99.99932050704956,7.723612043264438e-05,99.99932050704956,0.0006077600573917152
CTP_RUMHIR_20240304_0027.fff,Nublado,99.99924898147583,8.16412011772627e-05,99.99924898147583,0.0006718174972775159
CTP_RUMHIR_20240304_0030.fff,Nublado,99.99927282333374,8.045110462262528e-05,99.99927282333374,0.0006471710548794363
CTP_RUMHIR_20240304_0033.fff,Nublado,99.99926090240479,8.278843210973719e-05,99.99926090240479,0.0006577825843123719
CTP_RUMHIR_20240304_0036.fff,Nublado,99.99932050704956,7.835071755835088e-05,99.99932050704956,0.0006040059815859422
CTP_RUMHIR_20240304_0039.fff,Nublado,99.99932050704956,7.942564366203442e-05,99.99932050704956,0.0006000650500936899
CTP_RUMHIR_20240304_0042.fff,Nublado,99.99932050704956,7.77727279910323e-05,99.99932050704956,0.0006007120646245312
CTP_RUMHIR_20240304_0045.fff,Nublado,99.9993085861206,7.843818821129389e-05,99.9993085861206,0.0006143103746580891
CTP_RUMHIR_20240304_0048.fff,Nublado,99.99934434890747,7.64842411626887e-05,99.99934434890747,0.0005772201802756172
CTP_RUMHIR_20240304_0051.fff,Nublado,99.99935626983643,7.504912105105177e-05,99.99935626983643,0.0005726261406380218
CTP_RUMHIR_20240304_0054.fff,Nublado,99.99927282333374,8.217991194214846e-05,99.99927282333374,0.0006486186975962482
CTP_RUMHIR_20240304_0057.fff,Nublado,99.99924898147583,8.06222089977382e-05,99.99924898147583,0.0006658543043158716
CTP_RUMHIR_20240304_0100.fff,Nublado,99.99923706054688,8.113016747302026e-05,99.99923706054688,0.0006768385901523288
CTP_RUMHIR_20240304_0103.fff,Nublado,99.9992847442627,8.163157758644957e-05,99.9992847442627,0.0006365072295011487
CTP_RUMHIR_20240304_0106.fff,Nublado,99.9993085861206,7.838075930521882e-05,99.9993085861206,0.0006127259439381305
CTP_RUMHIR_20240304_0109.fff,Nublado,99.99935626983643,7.624377076353994e-05,99.99935626983643,0.00056786984714563
CTP_RUMHIR_20240304_0112.fff,Nublado,99.99938011169434,7.572450613224646e-05,99.99938011169434,0.0005428268195828423
CTP_RUMHIR_20240304_0115.fff,Nublado,99.99938011169434,7.515492939091928e-05,99.99938011169434,0.0005496835001395084
CTP_RUMHIR_20240304_0118.fff,Nublado,99.9993085861206,7.652550380043976e-05,99.9993085861206,0.0006104244675952941
CTP_RUMHIR_20240304_0121.fff,Nublado,99.99921321868896,8.488513572046941e-05,99.99921321868896,0.0007051497050269973
CTP_RUMHIR_20240304_0124.fff,Nublado,99.9993085861206,7.907178201094212e-05,99.9993085861206,0.0006112365099397721
CTP_RUMHIR_20240304_0127.fff,Nublado,99.99935626983643,7.351126214416581e-05,99.99935626983643,0.0005753648565587355
CTP_RUMHIR_20240304_0130.fff,Nublado,99.9992847442627,8.150376515914104e-05,99.9992847442627,0.0006388266683643451
CTP_RUMHIR_20240304_0133.fff,Nublado,99.99935626983643,7.645754749319167e-05,99.99935626983643,0.0005632760348817101
CTP_RUMHIR_20240304_0136.fff,Nublado,99.9992847442627,8.089256766652397e-05,99.9992847442627,0.0006346899226628011
CTP_RUMHIR_20240304_0139.fff,Nublado,99.99926090240479,8.196512339964102e-05,99.99926090240479,0.0006562373982887948
CTP_RUMHIR_20240304_0142.fff,Nublado,99.99924898147583,8.072129844549636e-05,99.99924898147583,0.0006664184184046462
CTP_RUMHIR_20240304_0145.fff,Nublado,99.99932050704956,7.840356488486577e-05,99.99932050704956,0.0006059497536625713
CTP_RUMHIR_20240304_0148.fff,Nublado,99.99923706054688,8.095326506918354e-05,99.99923706054688,0.0006767966624465771
CTP_RUMHIR_20240304_0151.fff,Nublado,99.9992847442627,7.905035204203159e-05,99.9992847442627,0.0006307028343144339
CTP_RUMHIR_20240304_0154.fff,Nublado,99.9993085861206,7.941154080981505e-05,99.9993085861206,0.000615172120888019
CTP_RUMHIR_20240304_0157.fff,Nublado,99.99921321868896,8.469155545753893e-05,99.99921321868896,0.0007072483185766032
CTP_RUMHIR_20240304_0200.fff,Nublado,99.99929666519165,7.717381436123105e-05,99.99929666519165,0.0006209756520547671
CTP_RUMHIR_20240304_0203.fff,Nublado,99.99927282333374,8.41314715671615e-05,99.99927282333374,0.0006419503733923193
CTP_RUMHIR_20240304_0206.fff,Nublado,99.99926090240479,8.240223223765497e-05,99.99926090240479,0.0006609758202102967
CTP_RUMHIR_20240304_0209.fff,Nublado,99.99924898147583,8.243704314736533e-05,99.99924898147583,0.0006701358870486729
CTP_RUMHIR_20240304_0212.fff,Nublado,99.9992847442627,8.172536354322801e-05,99.9992847442627,0.0006286059488047613
CTP_RUMHIR_20240304_0215.fff,Nublado,99.9992847442627,7.890287747613911e-05,99.9992847442627,0.0006407705768651795
CTP_RUMHIR_20240304_0218.fff,Nublado,99.99926090240479,8.062544338827138e-05,99.99926090240479,0.0006618235147470841
CTP_RUMHIR_20240304_0221.fff,Nublado,99.99924898147583,8.086229854598059e-05,99.99924898147583,0.0006695864612993319
CTP_RUMHIR_20240304_0224.fff,Nublado,99.9992847442627,8.0399723856317e-05,99.9992847442627,0.0006374968506861478
CTP_RUMHIR_20240304_0227.fff,Nublado,99.99920129776001,8.31877400742087e-05,99.99920129776001,0.0007173095582402311
CTP_RUMHIR_20240304_0230.fff,Nublado,99.9992847442627,8.190278890651825e-05,99.9992847442627,0.0006370185474224854
CTP_RUMHIR_20240304_0233.fff,Nublado,99.99933242797852,7.944057642816915e-05,99.99933242797852,0.0005887939551030286
CTP_RUMHIR_20240304_0236.fff,Nublado,99.9992847442627,8.131782465170545e-05,99.9992847442627,0.0006369833499775268
CTP_RUMHIR_20240304_0239.fff,Nublado,99.99929666519165,7.921253200038336e-05,99.99929666519165,0.0006244843007152667
CTP_RUMHIR_20240304_0242.fff,Nublado,99.99927282333374,8.187075763999019e-05,99.99927282333374,0.0006457764357037377
CTP_RUMHIR_20240304_0245.fff,Nublado,99.99920129776001,8.670837701174605e-05,99.99920129776001,0.0007177160568971885
CTP_RUMHIR_20240304_0248.fff,Nublado,99.99926090240479,8.339607120433357e-05,99.99926090240479,0.0006589277745661093
CTP_RUMHIR_20240304_0251.fff,Nublado,99.9992847442627,8.032232017285423e-05,99.9992847442627,0.0006306234354269691
CTP_RUMHIR_20240304_0254.fff,Nublado,99.99938011169434,7.346235975091986e-05,99.99938011169434,0.000542005363968201
CTP_RUMHIR_20240304_0257.fff,Nublado,99.99929666519165,8.189350637621828e-05,99.99929666519165,0.0006196718459250405
CTP_RUMHIR_20240304_0300.fff,Nublado,99.99921321868896,8.705754908078234e-05,99.99921321868896,0.0007033228939690161
CTP_RUMHIR_20240304_0303.fff,Nublado,99.99929666519165,8.07796368462732e-05,99.99929666519165,0.0006266989203140838
CTP_RUMHIR_20240304_0306.fff,Nublado,99.99923706054688,8.031975085032173e-05,99.99923706054688,0.0006848522389191203
CTP_RUMHIR_20240304_0309.fff,Nublado,99.99922513961792,8.70524161200592e-05,99.99922513961792,0.0006868995114928111
CTP_RUMHIR_20240304_0312.fff,Nublado,99.9992847442627,7.881886858740472e-05,99.9992847442627,0.0006367719379340997
CTP_RUMHIR_20240304_0315.fff,Nublado,99.99921321868896,8.306503787025576e-05,99.99921321868896,0.000700993314239895
CTP_RUMHIR_20240304_0318.fff,Nublado,99.99918937683105,8.49696732529992e-05,99.99918937683105,0.0007271761205629446
CTP_RUMHIR_20240304_0321.fff,Nublado,99.9993085861206,7.858943149585684e-05,99.9993085861206,0.0006162526005937252
CTP_RUMHIR_20240304_0324.fff,Nublado,99.9993085861206,7.784454965076293e-05,99.9993085861206,0.0006123456387285842
CTP_RUMHIR_20240304_0327.fff,Nublado,99.99929666519165,7.879099825913727e-05,99.99929666519165,0.0006203932571224868
CTP_RUMHIR_20240304_0330.fff,Nublado,99.99935626983643,7.750443273835117e-05,99.99935626983643,0.0005716200121241855
CTP_RUMHIR_20240304_0333.fff,Nublado,99.99918937683105,8.610952590970555e-05,99.99918937683105,0.0007293757789739175
CTP_RUMHIR_20240304_0336.fff,Nublado,99.9992847442627,8.241631803684868e-05,99.9992847442627,0.0006300757831922965
CTP_RUMHIR_20240304_0339.fff,Nublado,99.99923706054688,8.41832104470086e-05,99.99923706054688,0.0006749680778739275
CTP_RUMHIR_20240304_0342.fff,Nublado,99.9991774559021,8.290735422633588e-05,99.9991774559021,0.0007390861810563365
CTP_RUMHIR_20240304_0345.fff,Nublado,99.99926090240479,8.26176801638212e-05,99.99926090240479,0.0006546485110447975
CTP_RUMHIR_20240304_0348.fff,Nublado,99.99924898147583,8.482172120238829e-05,99.99924898147583,0.0006685336757072946
CTP_RUMHIR_20240304_0351.fff,Nublado,99.99929666519165,8.29081614028837e-05,99.99929666519165,0.0006221885541890515
CTP_RUMHIR_20240304_0354.fff,Nublado,99.99929666519165,7.975260700732179e-05,99.99929666519165,0.0006203281373018399
CTP_RUMHIR_20240304_0357.fff,Nublado,99.99932050704956,8.012640932975046e-05,99.99932050704956,0.0005936342859058641
CTP_RUMHIR_20240304_0400.fff,Nublado,99.99921321868896,8.64872163219843e-05,99.99921321868896,0.0006973999006731901
CTP_RUMHIR_20240304_0403.fff,Nublado,99.99926090240479,8.381298357562628e-05,99.99926090240479,0.0006505706096504582
CTP_RUMHIR_20240304_0406.fff,Nublado,99.99924898147583,8.393959092245495e-05,99.99924898147583,0.0006702880000375444
CTP_RUMHIR_20240304_0409.fff,Nublado,99.99923706054688,8.415631782554556e-05,99.99923706054688,0.0006780312560294988
CTP_RUMHIR_20240304_0412.fff,Nublado,99.99926090240479,8.31010424917622e-05,99.99926090240479,0.0006618070983677171
CTP_RUMHIR_20240304_0415.fff,Nublado,99.99911785125732,9.660011528467294e-05,99.99911785125732,0.0007836382792447694
CTP_RUMHIR_20240304_0418.fff,Nublado,99.99933242797852,7.851244276935176e-05,99.99933242797852,0.0005871992016182048
CTP_RUMHIR_20240304_0421.fff,Nublado,99.99920129776001,8.753623887969297e-05,99.99920129776001,0.0007098971309460467
CTP_RUMHIR_20240304_0424.fff,Nublado,99.99918937683105,8.540984595128975e-05,99.99918937683105,0.0007289036602742271
CTP_RUMHIR_20240304_0427.fff,Nublado,99.9992847442627,8.01499993485777e-05,99.9992847442627,0.0006360691259033047
CTP_RUMHIR_20240304_0430.fff,Nublado,99.99923706054688,8.646233027320704e-05,99.99923706054688,0.0006807940735598095
CTP_RUMHIR_20240304_0433.fff,Nublado,99.99629259109497,0.0004062398147652857,99.99629259109497,0.0033000156690832227
CTP_RUMHIR_20240304_0436.fff,Nublado,99.99918937683105,8.432105005340418e-05,99.99918937683105,0.0007257912329805549
CTP_RUMHIR_20240304_0439.fff,Nublado,99.99929666519165,7.890769779805851e-05,99.99929666519165,0.0006216031579242554
CTP_RUMHIR_20240304_0442.fff,Nublado,99.99924898147583,8.095404382402194e-05,99.99924898147583,0.0006749063686584122
CTP_RUMHIR_20240304_0445.fff,Nublado,99.99929666519165,8.040510692808311e-05,99.99929666519165,0.0006238962214411004
CTP_RUMHIR_20240304_0448.fff,Nublado,99.99922513961792,8.250718224189768e-05,99.99922513961792,0.0006969272817514138
CTP_RUMHIR_20240304_0451.fff,Nublado,99.99923706054688,8.284915793410619e-05,99.99923706054688,0.0006786619906051783
CTP_RUMHIR_20240304_0454.fff,Nublado,99.99921321868896,8.610634836259123e-05,99.99921321868896,0.0006991059308347758
CTP_RUMHIR_20240304_0457.fff,Nublado,99.99924898147583,8.420900030614575e-05,99.99924898147583,0.0006632488748437027
CTP_RUMHIR_20240304_0500.fff,Nublado,99.99796152114868,0.0002211658511441783,99.99796152114868,0.0018175966033595614
CTP_RUMHIR_20240304_0503.fff,Nublado,99.98472929000854,0.0017584610759513453,99.98472929000854,0.013511943689081818
CTP_RUMHIR_20240304_0506.fff,Nublado,99.99866485595703,0.0001463523403799627,99.99866485595703,0.0011869964509969577
CTP_RUMHIR_20240304_0509.fff,Nublado,99.99921321868896,8.47861883812584e-05,99.99921321868896,0.00069773582254129
CTP_RUMHIR_20240304_0512.fff,Nublado,99.99921321868896,8.398680506616074e-05,99.99921321868896,0.0007048055067571113
CTP_RUMHIR_20240304_0515.fff,Nublado,99.99929666519165,8.234310371335596e-05,99.99929666519165,0.0006248822955967626
CTP_RUMHIR_20240304_0518.fff,Nublado,99.9992847442627,8.335585448548954e-05,99.9992847442627,0.0006268016477406491
CTP_RUMHIR_20240304_0521.fff,Nublado,99.9992847442627,8.353195539712033e-05,99.9992847442627,0.000629433770882315
CTP_RUMHIR_20240304_0524.fff,Nublado,99.9992847442627,8.148969641297299e-05,99.9992847442627,0.0006371170002239523
CTP_RUMHIR_20240304_0527.fff,Nublado,99.99881982803345,0.0001298304482588719,99.99881982803345,0.0010528343409532681
CTP_RUMHIR_20240304_0530.fff,Nublado,99.99765157699585,0.00027437490643933415,99.99765157699585,0.002076157761621289
CTP_RUMHIR_20240304_0533.fff,Nublado,99.8376727104187,0.023822516959626228,99.8376727104187,0.13849856331944466
CTP_RUMHIR_20240304_0536.fff,Nublado,99.17519688606262,0.12037133565172553,99.17519688606262,0.7044327445328236
CTP_RUMHIR_20240304_0539.fff,Nublado,77.81033515930176,6.031744182109833,77.81033515930176,16.15791916847229
CTP_RUMHIR_20240304_0542.fff,Nublado,99.30517673492432,0.11730866972357035,99.30517673492432,0.5775192752480507
CTP_RUMHIR_20240304_0545.fff,Nublado,73.35276007652283,10.311349481344223,73.35276007652283,16.33588969707489
CTP_RUMHIR_20240304_0548.fff,Nublado,80.23027777671814,9.510476887226105,80.23027777671814,10.259251296520233
CTP_RUMHIR_20240304_0551.fff,Nublado,59.78819727897644,9.345655888319016,59.78819727897644,30.866146087646484
CTP_RUMHIR_20240304_0554.fff,Nublado,90.11421799659729,2.69507709890604,90.11421799659729,7.1907080709934235
CTP_RUMHIR_20240304_0557.fff,Nublado,48.890942335128784,5.650980770587921,48.890942335128784,45.4580694437027
CTP_RUMHIR_20240304_0600.fff,Nublado,91.56074523925781,2.6926256716251373,91.56074523925781,5.7466235011816025
CTP_RUMHIR_20240304_0605.fff,Nublado,99.44345355033875,0.08783083176240325,99.44345355033875,0.46871728263795376
CTP_RUMHIR_20240304_0610.fff,Nublado,99.93746876716614,0.0069035442720633,99.93746876716614,0.05563290324062109
CTP_RUMHIR_20240304_0615.fff,Nublado,99.98888969421387,0.0012780670658685267,99.98888969421387,0.009835423406912014
CTP_RUMHIR_20240304_0620.fff,Nublado,99.93116855621338,0.0076654374424833804,99.93116855621338,0.06116935983300209
CTP_RUMHIR_20240304_0625.fff,Nublado,99.92938041687012,0.007956965418998152,99.92938041687012,0.06265900447033346
CTP_RUMHIR_20240304_0630.fff,Nublado,99.93226528167725,0.007736119732726365,99.93226528167725,0.05999567802064121
CTP_RUMHIR_20240304_0635.fff,Nublado,99.92398023605347,0.00797104075900279,99.92398023605347,0.06804711883887649
CTP_RUMHIR_20240304_0640.fff,Nublado,99.92934465408325,0.007998503133421764,99.92934465408325,0.06264950498007238
CTP_RUMHIR_20240304_0645.fff,Nublado,99.9032974243164,0.012904067989438772,99.9032974243164,0.08379431092180312
CTP_RUMHIR_20240304_0650.fff,Nublado,87.07650303840637,4.823659360408783,87.07650303840637,8.099836111068726
CTP_RUMHIR_20240304_0655.fff,Nublado,74.48620796203613,13.534651696681976,74.48620796203613,11.979139596223831
CTP_RUMHIR_20240304_0700.fff,Nublado,86.57782077789307,3.250577300786972,86.57782077789307,10.171599686145782
CTP_RUMHIR_20240304_0705.fff,Nublado,91.20935201644897,2.485051564872265,91.20935201644897,6.305592507123947
CTP_RUMHIR_20240304_0710.fff,Nublado,94.55410838127136,2.185356803238392,94.55410838127136,3.2605312764644623
CTP_RUMHIR_20240304_0715.fff,Nublado,77.87882089614868,12.259835004806519,77.87882089614868,9.86134260892868
CTP_RUMHIR_20240304_0720.fff,Nublado,82.50128030776978,7.37578272819519,82.50128030776978,10.122936218976974
CTP_RUMHIR_20240304_0725.fff,Nublado,67.52865314483643,30.590510368347168,67.52865314483643,1.8808376044034958
CTP_RUMHIR_20240304_0730.fff,Nublado,99.19431209564209,0.12490205699577928,99.19431209564209,0.6807906087487936
CTP_RUMHIR_20240304_0735.fff,Nublado,99.09891486167908,0.4272845573723316,99.09891486167908,0.47380602918565273
CTP_RUMHIR_20240304_0740.fff,Nublado,99.11674857139587,0.3947448916733265,99.11674857139587,0.4885142669081688
CTP_RUMHIR_20240304_0745.fff,Nublado,95.13791799545288,1.7059607431292534,95.13791799545288,3.156120330095291
CTP_RUMHIR_20240304_0750.fff,Nublado,83.48063230514526,3.7121951580047607,83.48063230514526,12.807178497314453
CTP_RUMHIR_20240304_0755.fff,Nublado,76.87990665435791,7.972402125597,76.87990665435791,15.14769196510315
CTP_RUMHIR_20240304_0800.fff,Nublado,87.15126514434814,2.740407921373844,87.15126514434814,10.108324885368347
CTP_RUMHIR_20240304_0805.fff,Nublado,99.55452680587769,0.17428859136998653,99.55452680587769,0.27117643039673567
CTP_RUMHIR_20240304_0810.fff,Nublado,99.82411861419678,0.056987110292539,99.82411861419678,0.11889697052538395
CTP_RUMHIR_20240304_0815.fff,Nublado,99.41416382789612,0.3206336870789528,99.41416382789612,0.2652041846886277
CTP_RUMHIR_20240304_0820.fff,Nublado,99.63352680206299,0.13168285368010402,99.63352680206299,0.23479259107261896
CTP_RUMHIR_20240304_0825.fff,Nublado,99.84879493713379,0.07598628289997578,99.84879493713379,0.07521784864366055
CTP_RUMHIR_20240304_0830.fff,Nublado,99.79220032691956,0.11316075688228011,99.79220032691956,0.09464024333283305
CTP_RUMHIR_20240304_0835.fff,Nublado,99.52333569526672,0.23928142618387938,99.52333569526672,0.23738197050988674
CTP_RUMHIR_20240304_0840.fff,Nublado,99.8674750328064,0.05630465457215905,99.8674750328064,0.07622910779900849
CTP_RUMHIR_20240304_0845.fff,Nublado,99.96179342269897,0.016790749214123935,99.96179342269897,0.02141828299500048
CTP_RUMHIR_20240304_0850.fff,Nublado,99.97887015342712,0.012651811994146556,99.97887015342712,0.00848473864607513
CTP_RUMHIR_20240304_0855.fff,Nublado,99.96726512908936,0.02113100199494511,99.96726512908936,0.011602576705627143
CTP_RUMHIR_20240304_0900.fff,Nublado,99.94038343429565,0.017858349019661546,99.94038343429565,0.041757943108677864
CTP_RUMHIR_20240304_0905.fff,Nublado,99.99662637710571,0.0005506048637471395,99.99662637710571,0.0028191087039886042
CTP_RUMHIR_20240304_0910.fff,Nublado,99.96101260185242,0.012822399730794132,99.96101260185242,0.02616607816889882
CTP_RUMHIR_20240304_0915.fff,Nublado,99.8570203781128,0.09826336754485965,99.8570203781128,0.04471948777791113
CTP_RUMHIR_20240304_0920.fff,Nublado,99.9358594417572,0.03793055657297373,99.9358594417572,0.02620598825160414
CTP_RUMHIR_20240304_0925.fff,Nublado,99.874347448349,0.05605700425803661,99.874347448349,0.06959753227420151
CTP_RUMHIR_20240304_0930.fff,Nublado,99.96885061264038,0.017671693058218807,99.96885061264038,0.013481224596034735
CTP_RUMHIR_20240304_0935.fff,Nublado,99.97510313987732,0.014061848924029619,99.97510313987732,0.01083953320630826
CTP_RUMHIR_20240304_0940.fff,Nublado,99.90999698638916,0.023480337404180318,99.90999698638916,0.06652612937614322
CTP_RUMHIR_20240304_0945.fff,Nublado,99.89616870880127,0.0570440199226141,99.89616870880127,0.04679130797740072
CTP_RUMHIR_20240304_0950.fff,Nublado,99.95263814926147,0.02833767211996019,99.95263814926147,0.019025104120373726
CTP_RUMHIR_20240304_0955.fff,Nublado,99.97805953025818,0.013298286648932844,99.97805953025818,0.008646505739307031
CTP_RUMHIR_20240304_1000.fff,Nublado,99.88024234771729,0.038386942469514906,99.88024234771729,0.08136651013046503
CTP_RUMHIR_20240304_1005.fff,Nublado,99.98282194137573,0.006065501656848937,99.98282194137573,0.01111341334762983
CTP_RUMHIR_20240304_1010.fff,Nublado,99.99361038208008,0.0029131866540410556,99.99361038208008,0.0034729520848486573
CTP_RUMHIR_20240304_1015.fff,Nublado,99.99812841415405,0.0004460246600501705,99.99812841415405,0.001419606360286707
CTP_RUMHIR_20240304_1020.fff,Nublado,99.99008178710938,0.004563546826830134,99.99008178710938,0.005355074608814903
CTP_RUMHIR_20240304_1025.fff,Nublado,99.93975162506104,0.027979438891634345,99.93975162506104,0.03226912813261151
CTP_RUMHIR_20240304_1030.fff,Nublado,99.98190999031067,0.013196944200899452,99.98190999031067,0.00489018602820579
CTP_RUMHIR_20240304_1035.fff,Nublado,99.97425675392151,0.01988433941733092,99.97425675392151,0.005853990660398267
CTP_RUMHIR_20240304_1040.fff,Nublado,99.98013377189636,0.014932667545508593,99.98013377189636,0.004939934296999127
CTP_RUMHIR_20240304_1045.fff,Nublado,99.97968077659607,0.014262041077017784,99.97968077659607,0.006054815821698867
CTP_RUMHIR_20240304_1050.fff,Nublado,99.87842440605164,0.06337430677376688,99.87842440605164,0.058197148609906435
CTP_RUMHIR_20240304_1055.fff,Nublado,99.96910095214844,0.019573762256186455,99.96910095214844,0.01132254910771735
CTP_RUMHIR_20240304_1100.fff,Nublado,99.98106360435486,0.012612984573934227,99.98106360435486,0.006328956806100905
CTP_RUMHIR_20240304_1105.fff,Nublado,99.97511506080627,0.017963300342671573,99.97511506080627,0.006922088505234569
CTP_RUMHIR_20240304_1110.fff,Nublado,99.97404217720032,0.015841082495171577,99.97404217720032,0.010117662168340757
CTP_RUMHIR_20240304_1115.fff,Nublado,99.95113611221313,0.026450856239534914,99.95113611221313,0.022414705017581582
CTP_RUMHIR_20240304_1120.fff,Nublado,99.97438788414001,0.015978449664544314,99.97438788414001,0.009634193702368066
CTP_RUMHIR_20240304_1125.fff,Nublado,99.98182654380798,0.01276504626730457,99.98182654380798,0.005413680992205627
CTP_RUMHIR_20240304_1130.fff,Nublado,99.98754262924194,0.009730436431709677,99.98754262924194,0.002727725950535387
CTP_RUMHIR_20240304_1135.fff,Nublado,99.97178912162781,0.02368547866353765,99.97178912162781,0.0045249256800161675
CTP_RUMHIR_20240304_1140.fff,Nublado,99.95251893997192,0.023824504751246423,99.95251893997192,0.023663687170483172
CTP_RUMHIR_20240304_1145.fff,Nublado,99.95736479759216,0.02638795122038573,99.95736479759216,0.016250756743829697
CTP_RUMHIR_20240304_1150.fff,Nublado,99.9632477760315,0.023156106180977076,99.9632477760315,0.013595426571555436
CTP_RUMHIR_20240304_1155.fff,Nublado,99.95560050010681,0.02377614437136799,99.95560050010681,0.020626223704311997
CTP_RUMHIR_20240304_1200.fff,Nublado,99.92493987083435,0.046284645213745534,99.92493987083435,0.028769447817467153
CTP_RUMHIR_20240304_1205.fff,Nublado,99.83206391334534,0.06579076871275902,99.83206391334534,0.10214094072580338
CTP_RUMHIR_20240304_1210.fff,Nublado,99.99586343765259,0.0014744943655387033,99.99586343765259,0.0026618085030349903
CTP_RUMHIR_20240304_1215.fff,Nublado,99.99897480010986,0.0002817663016685401,99.99897480010986,0.0007393623945972649
CTP_RUMHIR_20240304_1220.fff,Nublado,99.46664571762085,0.0848263269290328,99.46664571762085,0.4485245794057846
CTP_RUMHIR_20240304_1225.fff,Nublado,99.39709901809692,0.13787493808194995,99.39709901809692,0.46502542681992054
CTP_RUMHIR_20240304_1230.fff,Nublado,99.90216493606567,0.03807053144555539,99.90216493606567,0.059767026687040925
CTP_RUMHIR_20240304_1235.fff,Nublado,99.99210834503174,0.0026492338292882778,99.99210834503174,0.005242187398835085
CTP_RUMHIR_20240304_1240.fff,Nublado,99.99537467956543,0.0010377300895925146,99.99537467956543,0.003582401041057892
CTP_RUMHIR_20240304_1245.fff,Nublado,99.9941349029541,0.0008843469004204962,99.9941349029541,0.0049763282731873915
CTP_RUMHIR_20240304_1250.fff,Nublado,97.85159826278687,0.2507261233404279,97.85159826278687,1.897674798965454
CTP_RUMHIR_20240304_1255.fff,Nublado,99.63512420654297,0.12609065743163228,99.63512420654297,0.2387892920523882
CTP_RUMHIR_20240304_1300.fff,Nublado,99.90724325180054,0.05447703297249973,99.90724325180054,0.0382778380298987
CTP_RUMHIR_20240304_1305.fff,Nublado,99.95198249816895,0.025108183035627007,99.95198249816895,0.02291491546202451
CTP_RUMHIR_20240304_1310.fff,Nublado,99.93878602981567,0.0208716606721282,99.93878602981567,0.040338715189136565
CTP_RUMHIR_20240304_1315.fff,Nublado,99.87632036209106,0.05835380288772285,99.87632036209106,0.06533132400363684
CTP_RUMHIR_20240304_1320.fff,Nublado,99.89915490150452,0.04068124108016491,99.89915490150452,0.060164439491927624
CTP_RUMHIR_20240304_1325.fff,Nublado,99.66711401939392,0.16037962632253766,99.66711401939392,0.17251339741051197
CTP_RUMHIR_20240304_1330.fff,Nublado,99.2831826210022,0.27269800193607807,99.2831826210022,0.4441183991730213
CTP_RUMHIR_20240304_1335.fff,Nublado,99.36222434043884,0.22289918269962072,99.36222434043884,0.41488134302198887
CTP_RUMHIR_20240304_1340.fff,Nublado,99.90112781524658,0.0453398417448625,99.90112781524658,0.05353495944291353
CTP_RUMHIR_20240304_1345.fff,Nublado,99.94308352470398,0.022667839948553592,99.94308352470398,0.034248645533807576
CTP_RUMHIR_20240304_1350.fff,Nublado,99.97153878211975,0.01671518257353455,99.97153878211975,0.011749232362490147
CTP_RUMHIR_20240304_1355.fff,Nublado,99.97102618217468,0.016341288574039936,99.97102618217468,0.012634412269107997
CTP_RUMHIR_20240304_1400.fff,Nublado,99.92114305496216,0.04453104629646987,99.92114305496216,0.034320977283641696
CTP_RUMHIR_20240304_1405.fff,Nublado,99.92235898971558,0.06633675075136125,99.92235898971558,0.011303351493552327
CTP_RUMHIR_20240304_1410.fff,Nublado,99.9894380569458,0.0084883147792425,99.9894380569458,0.0020697621948784217
CTP_RUMHIR_20240304_1415.fff,Nublado,99.981290102005,0.010335019032936543,99.981290102005,0.00837725165183656
CTP_RUMHIR_20240304_1420.fff,Nublado,99.99532699584961,0.0012442558727343567,99.99532699584961,0.003425114118726924
CTP_RUMHIR_20240304_1425.fff,Nublado,99.99886751174927,0.00042174187910859473,99.99886751174927,0.000705139837009483
CTP_RUMHIR_20240304_1430.fff,Nublado,99.97770190238953,0.010678661783458665,99.97770190238953,0.011622926831478253
CTP_RUMHIR_20240304_1435.fff,Nublado,99.9480664730072,0.025954091688618064,99.9480664730072,0.025978137273341417
CTP_RUMHIR_20240304_1440.fff,Nublado,99.83342289924622,0.05664778873324394,99.83342289924622,0.10993358446285129
CTP_RUMHIR_20240304_1445.fff,Nublado,99.9692440032959,0.010480512719368562,99.9692440032959,0.020274691632948816
CTP_RUMHIR_20240304_1450.fff,Nublado,99.9964952468872,0.0008014979357540142,99.9964952468872,0.0027035366656491533
CTP_RUMHIR_20240304_1455.fff,Nublado,99.94674324989319,0.027371812029741704,99.94674324989319,0.025883500347845256
CTP_RUMHIR_20240304_1500.fff,Nublado,99.97742772102356,0.011169018398504704,99.97742772102356,0.011405872646719217
CTP_RUMHIR_20240304_1505.fff,Nublado,99.91243481636047,0.06039335276000202,99.91243481636047,0.027174194110557437
CTP_RUMHIR_20240304_1510.fff,Nublado,99.87767338752747,0.02816712949424982,99.87767338752747,0.09416186367161572
CTP_RUMHIR_20240304_1515.fff,Nublado,99.95092153549194,0.024994913837872446,99.95092153549194,0.024081151059363037
CTP_RUMHIR_20240304_1520.fff,Nublado,99.99369382858276,0.001494328989792848,99.99369382858276,0.004811559847439639
CTP_RUMHIR_20240304_1525.fff,Nublado,99.78590607643127,0.07780169253237545,99.78590607643127,0.13628692831844091
CTP_RUMHIR_20240304_1530.fff,Nublado,99.87698197364807,0.07123088580556214,99.87698197364807,0.051789655117318034
CTP_RUMHIR_20240304_1535.fff,Nublado,99.99754428863525,0.0005608050287264632,99.99754428863525,0.0019004148271051235
CTP_RUMHIR_20240304_1540.fff,Nublado,99.99662637710571,0.0010057911822514143,99.99662637710571,0.002363612838962581
CTP_RUMHIR_20240304_1545.fff,Nublado,99.7300922870636,0.10948157869279385,99.7300922870636,0.1604330027475953
CTP_RUMHIR_20240304_1550.fff,Nublado,99.93694424629211,0.03465536574367434,99.93694424629211,0.028397413552738726
CTP_RUMHIR_20240304_1555.fff,Nublado,99.84816908836365,0.04154146881774068,99.84816908836365,0.11028761509805918
CTP_RUMHIR_20240304_1600.fff,Nublado,99.97517466545105,0.0148041159263812,99.97517466545105,0.01002103672362864
CTP_RUMHIR_20240304_1605.fff,Nublado,99.8819887638092,0.046158849727362394,99.8819887638092,0.07184709538705647
CTP_RUMHIR_20240304_1610.fff,Nublado,99.99899864196777,0.0002792581426547258,99.99899864196777,0.0007250592716445681
CTP_RUMHIR_20240304_1615.fff,Nublado,99.98593330383301,0.007866501255193725,99.98593330383301,0.006202047370607033
CTP_RUMHIR_20240304_1620.fff,Nublado,99.99781847000122,0.0007032232588244369,99.99781847000122,0.0014762749742658343
CTP_RUMHIR_20240304_1625.fff,Nublado,99.99024868011475,0.0031344905437435955,99.99024868011475,0.006619801570195705
CTP_RUMHIR_20240304_1630.fff,Nublado,99.99934434890747,0.00014952923947930685,99.99934434890747,0.0005029382464272203
CTP_RUMHIR_20240304_1635.fff,Nublado,99.87756609916687,0.03964242641814053,99.87756609916687,0.08279450121335685
CTP_RUMHIR_20240304_1640.fff,Nublado,99.99961853027344,7.789134883751103e-05,99.99961853027344,0.00030130524919513846
CTP_RUMHIR_20240304_1645.fff,Nublado,99.97164607048035,0.008661111496621743,99.97164607048035,0.019685292500071228
CTP_RUMHIR_20240304_1650.fff,Nublado,99.96730089187622,0.01900388451758772,99.96730089187622,0.013702076103072613
CTP_RUMHIR_20240304_1655.fff,Nublado,99.85939860343933,0.044775899732485414,99.85939860343933,0.09582396596670151
CTP_RUMHIR_20240304_1700.fff,Nublado,99.97863173484802,0.013276314712129533,99.97863173484802,0.008096067904261872
CTP_RUMHIR_20240304_1705.fff,Nublado,99.97339844703674,0.015413094661198556,99.97339844703674,0.011185623588971794
CTP_RUMHIR_20240304_1710.fff,Nublado,99.9737799167633,0.015571506810374558,99.9737799167633,0.010649421164998785
CTP_RUMHIR_20240304_1715.fff,Nublado,99.97188448905945,0.01626648590900004,99.97188448905945,0.01184595312224701
CTP_RUMHIR_20240304_1720.fff,Nublado,99.91713762283325,0.0463708012830466,99.91713762283325,0.03648850542958826
CTP_RUMHIR_20240304_1725.fff,Nublado,99.97735619544983,0.00616447941865772,99.97735619544983,0.01647976750973612
CTP_RUMHIR_20240304_1730.fff,Nublado,99.74330067634583,0.10025488445535302,99.74330067634583,0.15644178492948413
CTP_RUMHIR_20240304_1735.fff,Nublado,99.95672106742859,0.02289251860929653,99.95672106742859,0.020388113625813276
CTP_RUMHIR_20240304_1740.fff,Nublado,99.92700219154358,0.03654629981610924,99.92700219154358,0.036448182072490454
CTP_RUMHIR_20240304_1745.fff,Nublado,99.951171875,0.01754304685164243,99.951171875,0.031286984449252486
CTP_RUMHIR_20240304_1750.fff,Nublado,99.98181462287903,0.005474267891258933,99.98181462287903,0.012713400064967573
CTP_RUMHIR_20240304_1755.fff,Nublado,99.86196756362915,0.03651756851468235,99.86196756362915,0.101519376039505
CTP_RUMHIR_20240304_1800.fff,Nublado,99.66021776199341,0.13864339562132955,99.66021776199341,0.2011384814977646
CTP_RUMHIR_20240304_1803.fff,Nublado,99.99957084655762,6.153987897050683e-05,99.99957084655762,0.00037298693769116653
CTP_RUMHIR_20240304_1806.fff,Nublado,99.99958276748657,5.7224940519517986e-05,99.99958276748657,0.0003579486701710266
CTP_RUMHIR_20240304_1809.fff,Nublado,99.99958276748657,5.551717663365707e-05,99.99958276748657,0.0003638265980043798
CTP_RUMHIR_20240304_1812.fff,Nublado,99.99774694442749,0.0005765941750723869,99.99774694442749,0.0016754926036810502
CTP_RUMHIR_20240304_1815.fff,Nublado,98.01708459854126,0.9646194986999035,98.01708459854126,1.01829431951046
CTP_RUMHIR_20240304_1818.fff,Nublado,94.83862519264221,2.2769050672650337,94.83862519264221,2.884468622505665
CTP_RUMHIR_20240304_1821.fff,Nublado,98.50501418113708,0.6910140626132488,98.50501418113708,0.8039786480367184
CTP_RUMHIR_20240304_1824.fff,Nublado,99.66105818748474,0.09378218674100935,99.66105818748474,0.24516184348613024
CTP_RUMHIR_20240304_1827.fff,Nublado,97.45649695396423,0.8881023153662682,97.45649695396423,1.6554037109017372
CTP_RUMHIR_20240304_1830.fff,Nublado,95.8766758441925,2.047308348119259,95.8766758441925,2.0760180428624153
CTP_RUMHIR_20240304_1833.fff,Nublado,84.70193147659302,7.310224324464798,84.70193147659302,7.9878441989421844
CTP_RUMHIR_20240304_1836.fff,Nublado,96.77211046218872,0.70207086391747,96.77211046218872,2.5258226320147514
CTP_RUMHIR_20240304_1839.fff,Nublado,97.71759510040283,0.92576639726758,97.71759510040283,1.356643345206976
CTP_RUMHIR_20240304_1842.fff,Nublado,99.37831163406372,0.311366212554276,99.37831163406372,0.3103147493675351
CTP_RUMHIR_20240304_1845.fff,Nublado,97.34504222869873,0.9494686499238014,97.34504222869873,1.7054878175258636
CTP_RUMHIR_20240304_1848.fff,Nublado,97.9748785495758,0.49761985428631306,97.9748785495758,1.5275019221007824
CTP_RUMHIR_20240304_1851.fff,Nublado,99.12041425704956,0.4233459010720253,99.12041425704956,0.45623681508004665
CTP_RUMHIR_20240304_1854.fff,Nublado,97.34420776367188,1.3557194732129574,97.34420776367188,1.3000745326280594
CTP_RUMHIR_20240304_1857.fff,Nublado,96.35244607925415,1.2761169113218784,96.35244607925415,2.3714378476142883
CTP_RUMHIR_20240304_1900.fff,Nublado,95.5727219581604,1.5904257073998451,95.5727219581604,2.836848981678486
CTP_RUMHIR_20240304_1903.fff,Nublado,96.2240993976593,1.4159269630908966,96.2240993976593,2.359974943101406
CTP_RUMHIR_20240304_1906.fff,Nublado,99.83682036399841,0.06353413918986917,99.83682036399841,0.0996459973976016
CTP_RUMHIR_20240304_1909.fff,Nublado,99.83682036399841,0.06353413918986917,99.83682036399841,0.0996459973976016
CTP_RUMHIR_20240304_1912.fff,Nublado,70.08684873580933,10.280090570449829,70.08684873580933,19.633063673973083
CTP_RUMHIR_20240304_1915.fff,Nublado,71.38320803642273,10.322427749633789,71.38320803642273,18.2943657040596
CTP_RUMHIR_20240304_1918.fff,Nublado,91.46337509155273,3.8774054497480392,91.46337509155273,4.659220576286316
CTP_RUMHIR_20240304_1921.fff,Nublado,88.51906061172485,4.863130301237106,88.51906061172485,6.617811322212219
CTP_RUMHIR_20240304_1924.fff,Nublado,86.9324803352356,4.3250784277915955,86.9324803352356,8.74243676662445
CTP_RUMHIR_20240304_1927.fff,Nublado,91.60494208335876,3.5378947854042053,91.60494208335876,4.857164993882179
CTP_RUMHIR_20240304_1930.fff,Nublado,84.45611000061035,6.554858386516571,84.45611000061035,8.989034593105316
CTP_RUMHIR_20240304_1933.fff,Nublado,77.86012887954712,7.768350839614868,77.86012887954712,14.371517300605774
CTP_RUMHIR_20240304_1936.fff,Nublado,76.98483467102051,8.862505853176117,76.98483467102051,14.152660965919495
CTP_RUMHIR_20240304_1939.fff,Nublado,85.51138639450073,5.187111347913742,85.51138639450073,9.301500022411346
CTP_RUMHIR_20240304_1942.fff,Nublado,83.58806371688843,7.22087174654007,83.58806371688843,9.191068261861801
CTP_RUMHIR_20240304_1945.fff,Nublado,78.70736122131348,5.794908851385117,78.70736122131348,15.497726202011108
CTP_RUMHIR_20240304_1948.fff,Nublado,75.1899003982544,7.730624824762344,75.1899003982544,17.079469561576843
CTP_RUMHIR_20240304_1951.fff,Nublado,70.92074751853943,10.069882869720459,70.92074751853943,19.00937259197235
CTP_RUMHIR_20240304_1954.fff,Nublado,65.07667303085327,16.230085492134094,65.07667303085327,18.69324892759323
CTP_RUMHIR_20240304_1957.fff,Despejado,42.439866065979004,42.439866065979004,36.897480487823486,20.662660896778107
CTP_RUMHIR_20240304_2000.fff,Despejado,99.43444728851318,99.43444728851318,0.4067982081323862,0.15875734388828278
CTP_RUMHIR_20240304_2003.fff,Despejado,99.65478777885437,99.65478777885437,0.2408400410786271,0.10437174933031201
CTP_RUMHIR_20240304_2006.fff,Despejado,99.94654059410095,99.94654059410095,0.03636655164882541,0.017101615958381444
CTP_RUMHIR_20240304_2009.fff,Despejado,99.98254179954529,99.98254179954529,0.013145864068064839,0.004320126390666701
CTP_RUMHIR_20240304_2012.fff,Despejado,99.96762275695801,99.96762275695801,0.023698859149590135,0.008679349411977455
CTP_RUMHIR_20240304_2015.fff,Despejado,99.37321543693542,99.37321543693542,0.33941164147108793,0.287382653914392
CTP_RUMHIR_20240304_2018.fff,Despejado,99.31862354278564,99.31862354278564,0.46830931678414345,0.21306222770363092
CTP_RUMHIR_20240304_2021.fff,Despejado,99.87898468971252,99.87898468971252,0.08913184865377843,0.03188637492712587
CTP_RUMHIR_20240304_2024.fff,Despejado,99.85344409942627,99.85344409942627,0.11137113906443119,0.03519199672155082
CTP_RUMHIR_20240304_2027.fff,Despejado,99.75507855415344,99.75507855415344,0.17700617900118232,0.06791565101593733
CTP_RUMHIR_20240304_2030.fff,Despejado,94.24139261245728,94.24139261245728,3.5099655389785767,2.2486452013254166
CTP_RUMHIR_20240304_2033.fff,Despejado,99.98193383216858,99.98193383216858,0.012581631017383188,0.00548395182704553
CTP_RUMHIR_20240304_2036.fff,Despejado,98.67896437644958,98.67896437644958,0.7005281746387482,0.620506564155221
CTP_RUMHIR_20240304_2039.fff,Despejado,99.875807762146,99.875807762146,0.06307614385150373,0.06111194961704314
CTP_RUMHIR_20240304_2042.fff,Despejado,93.76417398452759,93.76417398452759,2.3556476458907127,3.880179300904274
CTP_RUMHIR_20240304_2045.fff,Nublado,78.40087413787842,17.718639969825745,78.40087413787842,3.880488872528076
CTP_RUMHIR_20240304_2048.fff,Nublado,89.96724486351013,2.250804379582405,89.96724486351013,7.781951874494553
CTP_RUMHIR_20240304_2051.fff,Nublado,99.44888353347778,0.08791247964836657,99.44888353347778,0.4631965886801481
CTP_RUMHIR_20240304_2054.fff,Nublado,99.49873685836792,0.0957751355599612,99.49873685836792,0.40549165569245815
CTP_RUMHIR_20240304_2057.fff,Nublado,99.41157102584839,0.07971821469254792,99.41157102584839,0.5087140016257763
CTP_RUMHIR_20240304_2100.fff,Nublado,98.06365370750427,0.30956482514739037,98.06365370750427,1.6267884522676468
CTP_RUMHIR_20240304_2103.fff,Nublado,97.50667214393616,0.44261543080210686,97.50667214393616,2.050713635981083
CTP_RUMHIR_20240304_2106.fff,Nublado,87.10344433784485,7.0441074669361115,87.10344433784485,5.85244745016098
CTP_RUMHIR_20240304_2109.fff,Nublado,68.57000589370728,12.860654294490814,68.57000589370728,18.56933981180191
CTP_RUMHIR_20240304_2112.fff,Nublado,45.88460624217987,10.05309447646141,45.88460624217987,44.06229853630066
CTP_RUMHIR_20240304_2115.fff,Despejado,88.47280144691467,88.47280144691467,5.9798527508974075,5.547341704368591
CTP_RUMHIR_20240304_2118.fff,Despejado,97.74670004844666,97.74670004844666,1.2139474041759968,1.0393566451966763
CTP_RUMHIR_20240304_2121.fff,Despejado,99.93701577186584,99.93701577186584,0.04444706137292087,0.01853999274317175
CTP_RUMHIR_20240304_2124.fff,Despejado,99.95315074920654,99.95315074920654,0.03406097530387342,0.012785871513187885
CTP_RUMHIR_20240304_2127.fff,Despejado,99.79395270347595,99.79395270347595,0.11164263123646379,0.09439726709388196
CTP_RUMHIR_20240304_2130.fff,Despejado,91.65821075439453,91.65821075439453,7.139164954423904,1.2026243843138218
CTP_RUMHIR_20240304_2133.fff,Nublado,94.78005170822144,1.0281546972692013,94.78005170822144,4.191792011260986
CTP_RUMHIR_20240304_2136.fff,Nublado,87.46479153633118,3.13207283616066,87.46479153633118,9.403132647275925
CTP_RUMHIR_20240304_2139.fff,Nublado,72.1910834312439,6.228898838162422,72.1910834312439,21.58002108335495
CTP_RUMHIR_20240304_2142.fff,Nublado,93.88642907142639,1.1941181495785713,93.88642907142639,4.919456318020821
CTP_RUMHIR_20240304_2145.fff,Nublado,69.60474848747253,12.739737331867218,69.60474848747253,17.65551269054413
CTP_RUMHIR_20240304_2148.fff,Emisiones,47.95396327972412,5.240815132856369,46.80522084236145,47.95396327972412
CTP_RUMHIR_20240304_2151.fff,Nublado,85.46441793441772,5.6608498096466064,85.46441793441772,8.87473076581955
CTP_RUMHIR_20240304_2154.fff,Nublado,65.63587188720703,12.455698847770691,65.63587188720703,21.90842479467392
CTP_RUMHIR_20240304_2157.fff,Despejado,92.20958352088928,92.20958352088928,3.249349817633629,4.541074112057686
CTP_RUMHIR_20240304_2200.fff,Despejado,99.96165037155151,99.96165037155151,0.02328324189875275,0.015059478755574673
CTP_RUMHIR_20240304_2203.fff,Despejado,99.53113198280334,99.53113198280334,0.32571242190897465,0.14316225424408913
CTP_RUMHIR_20240304_2206.fff,Despejado,97.32096791267395,97.32096791267395,1.6466910019516945,1.0323408991098404
CTP_RUMHIR_20240304_2209.fff,Despejado,99.00609254837036,99.00609254837036,0.6659777835011482,0.32792738638818264
CTP_RUMHIR_20240304_2212.fff,Despejado,99.76292252540588,99.76292252540588,0.16065632225945592,0.07642051787115633
CTP_RUMHIR_20240304_2215.fff,Despejado,99.7154951095581,99.7154951095581,0.20344536751508713,0.08105717715807259
CTP_RUMHIR_20240304_2218.fff,Despejado,99.29031729698181,99.29031729698181,0.44931634329259396,0.2603580476716161
CTP_RUMHIR_20240304_2221.fff,Despejado,99.63029623031616,99.63029623031616,0.2544724615290761,0.11523269349709153
CTP_RUMHIR_20240304_2224.fff,Despejado,99.92584586143494,99.92584586143494,0.052086939103901386,0.02206388599006459
CTP_RUMHIR_20240304_2227.fff,Despejado,99.80883002281189,99.80883002281189,0.14036098727956414,0.050809839740395546
CTP_RUMHIR_20240304_2230.fff,Despejado,99.84935522079468,99.84935522079468,0.10776357958093286,0.042878492968156934
CTP_RUMHIR_20240304_2233.fff,Despejado,99.87483024597168,99.87483024597168,0.08549506892450154,0.039670252590440214
CTP_RUMHIR_20240304_2236.fff,Despejado,99.98903274536133,99.98903274536133,0.005671544568031095,0.005292752030072734
CTP_RUMHIR_20240304_2239.fff,Despejado,99.39712882041931,99.39712882041931,0.1046895980834961,0.4981814417988062
CTP_RUMHIR_20240304_2242.fff,Despejado,91.81098341941833,91.81098341941833,0.9750149212777615,7.214003801345825
CTP_RUMHIR_20240304_2245.fff,Emisiones,85.29411554336548,14.498068392276764,0.20780798513442278,85.29411554336548
CTP_RUMHIR_20240304_2248.fff,Despejado,98.56075048446655,98.56075048446655,0.24068637285381556,1.19855972006917
CTP_RUMHIR_20240304_2251.fff,Despejado,99.90642666816711,99.90642666816711,0.04127100401092321,0.05230836686678231
CTP_RUMHIR_20240304_2254.fff,Despejado,99.98045563697815,99.98045563697815,0.010964734974550083,0.008585021714679897
CTP_RUMHIR_20240304_2257.fff,Despejado,98.58735799789429,98.58735799789429,0.5549848079681396,0.8576508611440659
CTP_RUMHIR_20240304_2300.fff,Despejado,99.5347797870636,99.5347797870636,0.09857495315372944,0.36663725040853024
CTP_RUMHIR_20240304_2303.fff,Emisiones,74.41443204879761,24.623890221118927,0.961676798760891,74.41443204879761
CTP_RUMHIR_20240304_2306.fff,Despejado,50.08702874183655,50.08702874183655,0.3935628104954958,49.519410729408264
CTP_RUMHIR_20240304_2309.fff,Despejado,52.469104528427124,52.469104528427124,0.923131313174963,46.6077595949173
CTP_RUMHIR_20240304_2312.fff,Emisiones,53.08772325515747,41.0159170627594,5.896361917257309,53.08772325515747
CTP_RUMHIR_20240304_2315.fff,Nublado,47.46837913990021,24.73359853029251,47.46837913990021,27.79802978038788
CTP_RUMHIR_20240304_2318.fff,Nublado,44.57772672176361,17.02718883752823,44.57772672176361,38.39508295059204
CTP_RUMHIR_20240304_2321.fff,Despejado,85.98438501358032,85.98438501358032,1.7980009317398071,12.217623740434647
CTP_RUMHIR_20240304_2324.fff,Despejado,92.39797592163086,92.39797592163086,1.533497404307127,6.068524718284607
CTP_RUMHIR_20240304_2327.fff,Despejado,99.82321858406067,99.82321858406067,0.06817684625275433,0.10861546033993363
CTP_RUMHIR_20240304_2330.fff,Despejado,99.94766116142273,99.94766116142273,0.02125206374330446,0.031080390908755362
CTP_RUMHIR_20240304_2333.fff,Despejado,99.93521571159363,99.93521571159363,0.026001560036092997,0.03878306015394628
CTP_RUMHIR_20240304_2336.fff,Despejado,97.81604409217834,97.81604409217834,0.5325742997229099,1.6513826325535774
CTP_RUMHIR_20240304_2339.fff,Despejado,98.25456142425537,98.25456142425537,0.20037649665027857,1.5450662933290005
CTP_RUMHIR_20240304_2342.fff,Despejado,99.64872598648071,99.64872598648071,0.11939369142055511,0.23188283666968346
CTP_RUMHIR_20240304_2345.fff,Despejado,99.34060573577881,99.34060573577881,0.11018398217856884,0.5492100492119789
CTP_RUMHIR_20240304_2348.fff,Despejado,97.36154079437256,97.36154079437256,0.47032497823238373,2.168135903775692
CTP_RUMHIR_20240304_2351.fff,Despejado,98.82053136825562,98.82053136825562,0.31683179549872875,0.8626380935311317
CTP_RUMHIR_20240304_2354.fff,Despejado,98.73204231262207,98.73204231262207,0.41057039052248,0.8573886007070541
CTP_RUMHIR_20240304_2357.fff,Despejado,91.95606112480164,91.95606112480164,3.2418254762887955,4.802106320858002
